[{"model": "admin_interface.theme", "pk": 1, "fields": {"name": "Django", "active": true, "title": "Django administration", "title_color": "#F5DD5D", "title_visible": true, "logo": "", "logo_color": "#FFFFFF", "logo_max_width": 400, "logo_max_height": 100, "logo_visible": true, "favicon": "", "env_name": "", "env_color": "#E74C3C", "env_visible_in_header": true, "env_visible_in_favicon": true, "language_chooser_active": true, "language_chooser_control": "default-select", "language_chooser_display": "code", "css_header_background_color": "#0C4B33", "css_header_text_color": "#44B78B", "css_header_link_color": "#FFFFFF", "css_header_link_hover_color": "#C9F0DD", "css_module_background_color": "#44B78B", "css_module_background_selected_color": "#FFFFCC", "css_module_text_color": "#FFFFFF", "css_module_link_color": "#FFFFFF", "css_module_link_selected_color": "#FFFFFF", "css_module_link_hover_color": "#C9F0DD", "css_module_rounded_corners": true, "css_generic_link_color": "#0C3C26", "css_generic_link_hover_color": "#156641", "css_generic_link_active_color": "#29B864", "css_save_button_background_color": "#0C4B33", "css_save_button_background_hover_color": "#0C3C26", "css_save_button_text_color": "#FFFFFF", "css_delete_button_background_color": "#BA2121", "css_delete_button_background_hover_color": "#A41515", "css_delete_button_text_color": "#FFFFFF", "related_modal_active": true, "related_modal_background_color": "#000000", "related_modal_background_opacity": "0.3", "related_modal_rounded_corners": true, "related_modal_close_button_visible": true, "list_filter_highlight": true, "list_filter_dropdown": true, "list_filter_sticky": true, "list_filter_removal_links": false, "foldable_apps": true, "show_fieldsets_as_tabs": false, "show_inlines_as_tabs": false, "collapsible_stacked_inlines": false, "collapsible_stacked_inlines_collapsed": true, "collapsible_tabular_inlines": false, "collapsible_tabular_inlines_collapsed": true, "recent_actions_visible": true, "form_submit_sticky": false, "form_pagination_sticky": false}}, {"model": "auth.user", "pk": 1, "fields": {"password": "pbkdf2_sha256$720000$dHMS63d0ov8FQBgUMEr4sQ$+zWO2kFeeqC4RytPcX8fJHQVZzuaQ+IbXVCJL9lArFc=", "last_login": "2024-05-30T17:12:06.810Z", "is_superuser": true, "username": "admin", "first_name": "", "last_name": "", "email": "", "is_staff": true, "is_active": true, "date_joined": "2024-05-27T04:57:38.074Z", "groups": [], "user_permissions": []}}, {"model": "sessions.session", "pk": "gtzd60ob7stxwv5h67muxsj6zwohhgzo", "fields": {"session_data": ".eJxVjEEOwiAQAP_C2RCgXaAevfcNBHa3UjWQlPZk_Lsh6UGvM5N5ixCPPYej8RZWElehxeWXpYhPLl3QI5Z7lVjLvq1J9kSetsm5Er9uZ_s3yLHlvlULWmM8GMfIC1tQKWoidsrhkAarRiYLGtIIPA2WPbP1BsCoSIST-HwB51g4Ag:1sCjJu:ycxerXAvqVDMrON7pdYlNVbhSmIKIldPldxp5Bbi6EE", "expire_date": "2024-06-13T17:12:06.816Z"}}, {"model": "sessions.session", "pk": "mzmdx4iu4by58zfwzm3u74c2mfdd3fb3", "fields": {"session_data": ".eJxVjEEOwiAQAP_C2RCgXaAevfcNBHa3UjWQlPZk_Lsh6UGvM5N5ixCPPYej8RZWElehxeWXpYhPLl3QI5Z7lVjLvq1J9kSetsm5Er9uZ_s3yLHlvlULWmM8GMfIC1tQKWoidsrhkAarRiYLGtIIPA2WPbP1BsCoSIST-HwB51g4Ag:1sCDIN:t2LEUpvEYkiKaKmdwuijg_Q3gSc8id5CnA20bxtFeHk", "expire_date": "2024-06-12T07:00:23.024Z"}}, {"model": "sessions.session", "pk": "q87r5quc7ogz6ibjhetl7dvi4wv54p90", "fields": {"session_data": ".eJxVjEEOwiAQAP_C2RCgXaAevfcNBHa3UjWQlPZk_Lsh6UGvM5N5ixCPPYej8RZWElehxeWXpYhPLl3QI5Z7lVjLvq1J9kSetsm5Er9uZ_s3yLHlvlULWmM8GMfIC1tQKWoidsrhkAarRiYLGtIIPA2WPbP1BsCoSIST-HwB51g4Ag:1sBSQj:JYFjqp7cb5Ai-rJkkMNfGLWYlLHfFOYIWoMgCJzbqS4", "expire_date": "2024-06-10T04:57:53.593Z"}}, {"model": "sessions.session", "pk": "y0ipiedzrw9imqw3m51bqf83p4xxh5q6", "fields": {"session_data": ".eJxVjEEOwiAQAP_C2RCgXaAevfcNBHa3UjWQlPZk_Lsh6UGvM5N5ixCPPYej8RZWElehxeWXpYhPLl3QI5Z7lVjLvq1J9kSetsm5Er9uZ_s3yLHlvlULWmM8GMfIC1tQKWoidsrhkAarRiYLGtIIPA2WPbP1BsCoSIST-HwB51g4Ag:1sBouj:sTklyDZZHL_UmlljPoLhaWycJ6YO--7EpYPaTGN2dEA", "expire_date": "2024-06-11T04:58:21.703Z"}}, {"model": "web.service", "pk": 1, "fields": {"title": "Consultation Services", "description": "Empower organizations through strategic solution design, particularly in the realms of Microservices and Middleware Transformation", "image": "services/Consultation_Services.svg"}}, {"model": "web.service", "pk": 2, "fields": {"title": "Kubernetes Services", "description": "Kubernetes/container services empower organizations to seamlessly adopt containerization and Kubernetes orchestration.", "image": "services/Kubernetes_Services.svg"}}, {"model": "web.service", "pk": 3, "fields": {"title": "Resourcing", "description": "Our tech expertise team with high standards ensures consistent quality, professionalism and seamlessly fits into clients’ process, reports to managers, and adheres to clients’ delivery methods to uphold the quality.", "image": "services/Resourcing.svg"}}, {"model": "web.service", "pk": 4, "fields": {"title": "Cloud Services", "description": "Expertise in Multi cloud Hybrid platforms through Infrastructure optimization, Containerization, workload migrations and Apps storage data protection services", "image": "services/Cloud_Services.svg"}}, {"model": "web.service", "pk": 5, "fields": {"title": "Middleware Integration", "description": "Deployed successful Microservices Integration, API Security Management, App-containerization and Legacy problems resolution services", "image": "services/Middleware_Integration.svg"}}, {"model": "web.service", "pk": 6, "fields": {"title": "AI Assisted CHATBOT", "description": "Our Chatbot solution meets the Client’s business requirements, regardless of  department or industry and delivers versatile   and enhanced solution meeting the diverse  business demands.", "image": "services/Assisted_CHATBOT.svg"}}, {"model": "web.service", "pk": 7, "fields": {"title": "Apps Modernization", "description": "Effectively engaged key Technology partners and utilized their products for implementation of complex solutions for customers", "image": "services/Apps_Modernization.svg"}}, {"model": "web.service", "pk": 8, "fields": {"title": "DevOps Services", "description": "Commissioned cloud ready Integration platform for On-Prem DevOps using NativeKubernetes, Azure, Redhat OCP", "image": "services/DevOps_Services.svg"}}, {"model": "web.service", "pk": 9, "fields": {"title": "Data & AI/ML", "description": "Our trained AI/ML models do serve in the banking channel applications and smart citizen services portals", "image": "services/Data_AI.svg"}}, {"model": "web.product", "pk": 1, "fields": {"title": "FINCONNECT", "slug": "finconnect", "sub_title": "One Stop Solution for Finance Industry Integration Demands", "description": "Discover FinConnect, a licensed MIDDLEWARE solution with automated Open Banking APIs, Microservices architecture, and 250+ banking services. Unleash its tech edge with top-notch security and availability.", "image": "products/product-1.png", "icon": "product_icon/finconnect.svg"}}, {"model": "web.product", "pk": 2, "fields": {"title": "INTERNET BANKING", "slug": "internet-banking", "sub_title": "Retail & Corporate Online Banking Portal", "description": "Harness ML-assisted Plug-N-Play Online Banking for seamless customization, modernize legacy apps with microservices for cost-effective scalability.", "image": "products/product-2.png", "icon": "product_icon/internetbanking.svg"}}, {"model": "web.product", "pk": 3, "fields": {"title": "CONSENT MANAGEMENT", "slug": "consent-management", "sub_title": "Secure Microservices, Customizable APIs, Scalable Banking Portal for Lifecycle Management", "description": "Self-service, governance-enabled API platform for tailored business needs, with strong authentication, authorization, and vigilant anomaly monitoring for enhanced security.", "image": "products/product-3.png", "icon": "product_icon/consent_management.svg"}}, {"model": "web.product", "pk": 4, "fields": {"title": "CIS", "slug": "cis", "sub_title": "Multi-Channel Integrated Streaming Platform", "description": "An integrated, consolidated, and comprehensive record and document storage system that enables access to multiple channels through a single portal.", "image": "products/product-4.png", "icon": "product_icon/cis.svg"}}, {"model": "web.product", "pk": 5, "fields": {"title": "RTP Manager", "slug": "rtp-manager", "sub_title": "Real-Time Payment Processor & Transaction Management Hub", "description": "RTP processor & PTM enables participant banks to interoperate with the central bank and avail benefits to their customers by initiating instant payments without directly relying on account information.", "image": "products/product-5.png", "icon": "product_icon/rtp_managemnet.svg"}}, {"model": "web.product", "pk": 6, "fields": {"title": "VUFORA", "slug": "vufora", "sub_title": "All in One Event Management Offering", "description": "An online platform built with the features you need to successfully host and manage your events, saving valuable time and eliminating boredom and frantic manual processes.", "image": "products/product-6.png", "icon": "product_icon/vufora.svg"}}, {"model": "web.product", "pk": 7, "fields": {"title": "SOCIAL MEDIA PLATFORM", "slug": "social-media-platform", "sub_title": "Multi-Channel Hub: Whatsapp, SMS, email, push, automation, chat", "description": "Automated communication system cuts costs, delivers notices via email, text, PDF, saving time.", "image": "products/product-7.png", "icon": "product_icon/social_media.svg"}}, {"model": "web.product", "pk": 8, "fields": {"title": "CROWD FUNDING", "slug": "crowd-funding", "sub_title": "Revolutionizing SME Financing: Connect, Invest, Grow", "description": "A comprehensive crowd-funding platform, e-investment gate and m-investment gate, to connect ambitious Small and Medium Enterprises (SMEs) with potential investors, democratizing access to capital and fueling their growth journey.", "image": "products/product-8.png", "icon": "product_icon/crowd_funding.svg"}}, {"model": "web.productfeature", "pk": 1, "fields": {"product": 1, "title": "Automated Open Banking APIs: Streamline financial integrations with ease"}}, {"model": "web.productfeature", "pk": 2, "fields": {"product": 1, "title": "Microservices Architecture: Enhance flexibility and scalability."}}, {"model": "web.productfeature", "pk": 3, "fields": {"product": 1, "title": "Top-Notch Security: Ensure data protection with advanced security measures."}}, {"model": "web.productfeature", "pk": 4, "fields": {"product": 2, "title": "ML-Assisted Customization: Personalize user experiences with machine learning."}}, {"model": "web.productfeature", "pk": 5, "fields": {"product": 2, "title": "Legacy App Modernization: Upgrade old systems with modern microservices."}}, {"model": "web.productfeature", "pk": 6, "fields": {"product": 2, "title": "Cost-Effective Scalability: Grow your banking solutions without high costs."}}, {"model": "web.productfeature", "pk": 7, "fields": {"product": 3, "title": "Strong Authentication & Authorization: Secure access control for users."}}, {"model": "web.productfeature", "pk": 8, "fields": {"product": 3, "title": "Governance-Enabled API Platform: Maintain compliance with ease."}}, {"model": "web.productfeature", "pk": 9, "fields": {"product": 3, "title": "Anomaly Monitoring: Detect and respond to unusual activities quickly."}}, {"model": "web.productfeature", "pk": 10, "fields": {"product": 4, "title": "Multi-Channel Access: Connect through various platforms seamlessly."}}, {"model": "web.productfeature", "pk": 11, "fields": {"product": 4, "title": "Comprehensive Record Storage: Store and manage documents efficiently."}}, {"model": "web.productfeature", "pk": 12, "fields": {"product": 4, "title": "Single Portal Integration: Simplify access with a unified interface."}}, {"model": "web.productfeature", "pk": 13, "fields": {"product": 5, "title": "Instant Payment Initiation: Process payments quickly and efficiently."}}, {"model": "web.productfeature", "pk": 14, "fields": {"product": 5, "title": "Interoperability: Seamlessly connect with central banks."}}, {"model": "web.productfeature", "pk": 15, "fields": {"product": 5, "title": "Account Information Independence: Reduce reliance on direct account details."}}, {"model": "web.productfeature", "pk": 16, "fields": {"product": 6, "title": "Comprehensive Event Tools: Manage every aspect of your event."}}, {"model": "web.productfeature", "pk": 17, "fields": {"product": 6, "title": "Time-Saving Features: Streamline event planning and execution."}}, {"model": "web.productfeature", "pk": 18, "fields": {"product": 6, "title": "User-Friendly Interface: Simplify event management with intuitive design."}}, {"model": "web.productfeature", "pk": 19, "fields": {"product": 7, "title": "Multi-Channel Integration: Connect through various communication channels."}}, {"model": "web.productfeature", "pk": 20, "fields": {"product": 7, "title": "Cost Efficiency: Reduce expenses with automated solutions."}}, {"model": "web.productfeature", "pk": 21, "fields": {"product": 7, "title": "Efficient Communication: Deliver messages promptly and accurately."}}, {"model": "web.productfeature", "pk": 22, "fields": {"product": 8, "title": "E-Investment Gate: Facilitate online investments easily."}}, {"model": "web.productfeature", "pk": 23, "fields": {"product": 8, "title": "M-Investment Gate: Mobile-friendly investment options."}}, {"model": "web.productfeature", "pk": 24, "fields": {"product": 8, "title": "SME Empowerment: Provide growth opportunities for small and medium enterprises."}}, {"model": "web.team", "pk": 1, "fields": {"name": "Name", "position": "Product manager", "image": "team/team-2.png"}}, {"model": "web.team", "pk": 2, "fields": {"name": "Name", "position": "Product manager", "image": "team/team-1.png"}}, {"model": "web.team", "pk": 3, "fields": {"name": "Name", "position": "Product manager", "image": "team/team-3.png"}}, {"model": "web.team", "pk": 4, "fields": {"name": "Name", "position": "Product manager", "image": "team/team-4.png"}}, {"model": "web.faq", "pk": 1, "fields": {"question": "1. What industries does Impulse Idea serve?", "answer": "Impulse Idea caters to a wide range of industries, including banking, government, fintech, healthcare, retail, and more. Our solutions are tailored to meet the specific needs and challenges of each sector."}}, {"model": "web.faq", "pk": 2, "fields": {"question": "2. How can Impulse Idea help my business?", "answer": "Impulse Idea caters to a wide range of industries, including banking, government, fintech, healthcare, retail, and more. Our solutions are tailored to meet the specific needs and challenges of each sector."}}, {"model": "web.faq", "pk": 3, "fields": {"question": "3. What sets Impulse Idea apart from other technology?", "answer": "Impulse Idea caters to a wide range of industries, including banking, government, fintech, healthcare, retail, and more. Our solutions are tailored to meet the specific needs and challenges of each sector."}}, {"model": "web.faq", "pk": 4, "fields": {"question": "4. How can I get started with Impulse Idea?", "answer": "Impulse Idea caters to a wide range of industries, including banking, government, fintech, healthcare, retail, and more. Our solutions are tailored to meet the specific needs and challenges of each sector."}}, {"model": "web.testimonial", "pk": 1, "fields": {"name": "John Smith", "position": "Business Owner, Dubai", "image": "testimonials/feedback-author1.png", "description": "The team at Impulse Idea exceeded our expectations with their expertise and attention to detail. Their solutions have streamlined our operations and boosted our bottom line."}}, {"model": "web.testimonial", "pk": 2, "fields": {"name": "Ariella olive", "position": "Business Owner, Dubai", "image": "testimonials/feedback-author2.png", "description": "The team at Impulse Idea exceeded our expectations with their expertise and attention to detail. Their solutions have streamlined our operations and boosted our bottom line."}}, {"model": "web.testimonial", "pk": 3, "fields": {"name": "Andrew Paul", "position": "Business Owner, Dubai", "image": "testimonials/feedback-author3.png", "description": "The team at Impulse Idea exceeded our expectations with their expertise and attention to detail. Their solutions have streamlined our operations and boosted our bottom line."}}, {"model": "web.client", "pk": 1, "fields": {"name": "ecotranzit", "image": "clients/ecotranzit_42I2wpD.png"}}, {"model": "web.client", "pk": 2, "fields": {"name": "ibmc", "image": "clients/ibmc_dk8Xv1s.png"}}, {"model": "web.client", "pk": 3, "fields": {"name": "banknbox", "image": "clients/banknbox_scoRezC.png"}}, {"model": "web.client", "pk": 4, "fields": {"name": "hrapp", "image": "clients/hrapp_V35JocN.png"}}, {"model": "web.client", "pk": 5, "fields": {"name": "pcc", "image": "clients/pcc_unRjcsC.png"}}, {"model": "web.client", "pk": 6, "fields": {"name": "lesha_bank", "image": "clients/lesha_bank_uxwn8os.png"}}, {"model": "web.client", "pk": 7, "fields": {"name": "pwa", "image": "clients/pwa_bJaCyG7.png"}}, {"model": "web.branch", "pk": 1, "fields": {"country": "QATAR", "country_icon": "branches/qatar-location.svg", "name": "IMPULSEIDEA WLL", "address": "AlGassar Tower, West Bay, Doha", "number": "+974 66009613", "image": "branches/qatar.png", "hover_image": "branches/qatar-hover.png"}}, {"model": "web.branch", "pk": 2, "fields": {"country": "UAE", "country_icon": "branches/uae-location.svg", "name": "IMPULSEIDEA - FZCO", "address": "Dubai Silicon Oasis", "number": "+971 585814835", "image": "branches/uae.png", "hover_image": "branches/uae-hover.png"}}, {"model": "web.branch", "pk": 3, "fields": {"country": "USA", "country_icon": "branches/usa-location.svg", "name": "IMPULSEIDEA WLL", "address": "Dover, Delaware, USA", "number": "+1 4084260045", "image": "branches/usa.png", "hover_image": "branches/usa-hover.png"}}, {"model": "web.branch", "pk": 4, "fields": {"country": "INDIA", "country_icon": "branches/india-location.svg", "name": "IMPULSEIDEA GLOBAL", "address": "HILITE BUSINESS PARK, KOZHIKODE", "number": "+91 8714097234", "image": "branches/india.png", "hover_image": "branches/india-hover.png"}}]