[{"model": "admin_interface.theme", "pk": 1, "fields": {"name": "Django", "active": true, "title": "Django administration", "title_color": "#F5DD5D", "title_visible": true, "logo": "", "logo_color": "#FFFFFF", "logo_max_width": 400, "logo_max_height": 100, "logo_visible": true, "favicon": "", "env_name": "", "env_color": "#E74C3C", "env_visible_in_header": true, "env_visible_in_favicon": true, "language_chooser_active": true, "language_chooser_control": "default-select", "language_chooser_display": "code", "css_header_background_color": "#0C4B33", "css_header_text_color": "#44B78B", "css_header_link_color": "#FFFFFF", "css_header_link_hover_color": "#C9F0DD", "css_module_background_color": "#44B78B", "css_module_background_selected_color": "#FFFFCC", "css_module_text_color": "#FFFFFF", "css_module_link_color": "#FFFFFF", "css_module_link_selected_color": "#FFFFFF", "css_module_link_hover_color": "#C9F0DD", "css_module_rounded_corners": true, "css_generic_link_color": "#0C3C26", "css_generic_link_hover_color": "#156641", "css_generic_link_active_color": "#29B864", "css_save_button_background_color": "#0C4B33", "css_save_button_background_hover_color": "#0C3C26", "css_save_button_text_color": "#FFFFFF", "css_delete_button_background_color": "#BA2121", "css_delete_button_background_hover_color": "#A41515", "css_delete_button_text_color": "#FFFFFF", "related_modal_active": true, "related_modal_background_color": "#000000", "related_modal_background_opacity": "0.3", "related_modal_rounded_corners": true, "related_modal_close_button_visible": true, "list_filter_highlight": true, "list_filter_dropdown": true, "list_filter_sticky": true, "list_filter_removal_links": false, "foldable_apps": true, "show_fieldsets_as_tabs": false, "show_inlines_as_tabs": false, "collapsible_stacked_inlines": false, "collapsible_stacked_inlines_collapsed": true, "collapsible_tabular_inlines": false, "collapsible_tabular_inlines_collapsed": true, "recent_actions_visible": true, "form_submit_sticky": false, "form_pagination_sticky": false}}, {"model": "auth.user", "pk": 1, "fields": {"password": "pbkdf2_sha256$720000$HIb1dTpCZ2bMiuiCrX7b9V$/lWpxniKw/721YmSf0roQpZleHCu7mNcuNlLkQNL18g=", "last_login": "2024-06-04T10:59:51.004Z", "is_superuser": true, "username": "admin", "first_name": "", "last_name": "", "email": "", "is_staff": true, "is_active": true, "date_joined": "2024-06-01T04:52:47.057Z", "groups": [], "user_permissions": []}}, {"model": "sessions.session", "pk": "0167rwi7uxyotu5ce9p2sh9q0is7unbm", "fields": {"session_data": ".eJxVjEEOgjAQRe_StWmGDh1al-49A5mZtoIaSCisjHdXEha6_e-9_zI9b-vQbzUv_ZjM2TTm9LsJ6yNPO0h3nm6z1Xlal1HsrtiDVnudU35eDvfvYOA6fOtYMoSSW990LQdMCCCYQlDxUZN0Hpwj8orgWaUQOUSEhphKJJVs3h_Zozed:1sEQmM:cCQVcVUciTL2nalmAlZgRIq2QIinvb68TDr4okv4o_A", "expire_date": "2024-06-18T09:48:30.862Z"}}, {"model": "sessions.session", "pk": "45wewsyl3fccowinyxqw9tgd9yualecx", "fields": {"session_data": ".eJxVjEEOgjAQRe_StWmGDh1al-49A5mZtoIaSCisjHdXEha6_e-9_zI9b-vQbzUv_ZjM2TTm9LsJ6yNPO0h3nm6z1Xlal1HsrtiDVnudU35eDvfvYOA6fOtYMoSSW990LQdMCCCYQlDxUZN0Hpwj8orgWaUQOUSEhphKJJVs3h_Zozed:1sDGjp:VrgOsd6CIZuzO078eOVYucHj6S4E7AtaWkGGqdUpaaY", "expire_date": "2024-06-15T04:53:05.048Z"}}, {"model": "sessions.session", "pk": "aq92rwfuky2sfy36cwjjsbg9ve8ciazk", "fields": {"session_data": ".eJxVjEEOwiAQRe_C2hAYJi24dO8ZyAwwUjU0Ke3KeHdt0oVu_3vvv1Skba1x62WJU1ZnZdXpd2NKj9J2kO_UbrNOc1uXifWu6IN2fZ1zeV4O9--gUq_fOnDIECwlm4ZgMgFYtCO6BGiNDF7EG0YIWYTFoaCMAOSLcb6IY6_eH9a8N9M:1sERtP:NlRq3HUVJWOFJe8Diof2OV8APuodvoe1dOkbkR6qynk", "expire_date": "2024-06-18T10:59:51.007Z"}}, {"model": "sessions.session", "pk": "hrm1thw52yyv70qo7d8qge0p4he5zo92", "fields": {"session_data": ".eJxVjEEOgjAQRe_StWmGDh1al-49A5mZtoIaSCisjHdXEha6_e-9_zI9b-vQbzUv_ZjM2TTm9LsJ6yNPO0h3nm6z1Xlal1HsrtiDVnudU35eDvfvYOA6fOtYMoSSW990LQdMCCCYQlDxUZN0Hpwj8orgWaUQOUSEhphKJJVs3h_Zozed:1sDzMG:ojOYEIFZqO6EqrYjNEjPrIyEMPhXLOUS0-wuCVB-53U", "expire_date": "2024-06-17T04:31:44.719Z"}}, {"model": "sessions.session", "pk": "u3x2j4v6qwtubfwf4zwcdwce4s0oy1sl", "fields": {"session_data": ".eJxVjEEOwiAQRe_C2hAYJi24dO8ZyAwwUjU0Ke3KeHdt0oVu_3vvv1Skba1x62WJU1ZnZdXpd2NKj9J2kO_UbrNOc1uXifWu6IN2fZ1zeV4O9--gUq_fOnDIECwlm4ZgMgFYtCO6BGiNDF7EG0YIWYTFoaCMAOSLcb6IY6_eH9a8N9M:1sEQua:EOkz_75gvZhkstIU2pFiwvxOz-78HSZ8TnKnTGaTqyQ", "expire_date": "2024-06-18T09:57:00.062Z"}}, {"model": "sessions.session", "pk": "v5oz56g4g56mi11sy899bicje7l0g6ub", "fields": {"session_data": ".eJxVjEEOwiAQRe_C2hAYJi24dO8ZyAwwUjU0Ke3KeHdt0oVu_3vvv1Skba1x62WJU1ZnZdXpd2NKj9J2kO_UbrNOc1uXifWu6IN2fZ1zeV4O9--gUq_fOnDIECwlm4ZgMgFYtCO6BGiNDF7EG0YIWYTFoaCMAOSLcb6IY6_eH9a8N9M:1sEQp9:iZ2-ooJTuw9rlKIzXPSqw9otaaMyCAb97otjOxVeA_s", "expire_date": "2024-06-18T09:51:23.729Z"}}, {"model": "web.banner", "pk": 1, "fields": {"title": "Innovating the Future of Technology", "sub_title": "Pioneering Cutting-Edge Solutions for a Dynamic Digital Landscape, Empowering Businesses to Thrive"}}, {"model": "web.contactadress", "pk": 1, "fields": {"email": "sales@impulseidea.com", "number": "+91 8714097234", "place": "QATAR, UAE, USA, INDIA"}}, {"model": "web.teamtitle", "pk": 1, "fields": {"title": "Meet Our Team", "sub_title": "Passionate Professionals Dedicated to Your Success"}}, {"model": "web.team", "pk": 1, "fields": {"name": "Name", "position": "Product manager", "image": "team/team-1_wekPqRM.png"}}, {"model": "web.team", "pk": 2, "fields": {"name": "Name", "position": "Product manager", "image": "team/team-2_SXYqji3.png"}}, {"model": "web.team", "pk": 3, "fields": {"name": "Name", "position": "Product manager", "image": "team/team-3_Q8vLnEK.png"}}, {"model": "web.team", "pk": 4, "fields": {"name": "Name", "position": "Product manager", "image": "team/team-4_5RMhKJY.png"}}, {"model": "web.faqtitle", "pk": 1, "fields": {"image": "faq/faq-img.png", "title": "Frequently Asked Question", "sub_title": "Find Clear Answers to Your Most Pressing Questions"}}, {"model": "web.faq", "pk": 1, "fields": {"question": "1.What industries does Impulse Idea serve?", "answer": "Impulse Idea caters to a wide range of industries, including banking, government, fintech, healthcare, retail, and more. Our solutions are tailored to meet the specific needs and challenges of each sector."}}, {"model": "web.faq", "pk": 2, "fields": {"question": "2.How can Impulse Idea help my business?", "answer": "Impulse Idea caters to a wide range of industries, including banking, government, fintech, healthcare, retail, and more. Our solutions are tailored to meet the specific needs and challenges of each sector."}}, {"model": "web.faq", "pk": 3, "fields": {"question": "3.What sets Impulse Idea apart from other technology?", "answer": "Impulse Idea caters to a wide range of industries, including banking, government, fintech, healthcare, retail, and more. Our solutions are tailored to meet the specific needs and challenges of each sector."}}, {"model": "web.faq", "pk": 4, "fields": {"question": "4.How can I get started with Impulse Idea?", "answer": "Impulse Idea caters to a wide range of industries, including banking, government, fintech, healthcare, retail, and more. Our solutions are tailored to meet the specific needs and challenges of each sector."}}, {"model": "web.client", "pk": 9, "fields": {"name": "1", "image": "clients/01.png"}}, {"model": "web.client", "pk": 10, "fields": {"name": "2", "image": "clients/02.png"}}, {"model": "web.client", "pk": 11, "fields": {"name": "3", "image": "clients/03.png"}}, {"model": "web.client", "pk": 12, "fields": {"name": "4", "image": "clients/04.png"}}, {"model": "web.client", "pk": 13, "fields": {"name": "5", "image": "clients/05.png"}}, {"model": "web.client", "pk": 14, "fields": {"name": "6", "image": "clients/06.png"}}, {"model": "web.client", "pk": 15, "fields": {"name": "7", "image": "clients/07.png"}}, {"model": "web.client", "pk": 16, "fields": {"name": "8", "image": "clients/08.png"}}, {"model": "web.client", "pk": 17, "fields": {"name": "9", "image": "clients/09.png"}}, {"model": "web.client", "pk": 18, "fields": {"name": "10", "image": "clients/10.png"}}, {"model": "web.client", "pk": 19, "fields": {"name": "11", "image": "clients/11.png"}}, {"model": "web.client", "pk": 20, "fields": {"name": "12", "image": "clients/12.png"}}, {"model": "web.client", "pk": 21, "fields": {"name": "13", "image": "clients/13.png"}}, {"model": "web.client", "pk": 22, "fields": {"name": "14", "image": "clients/14.png"}}, {"model": "web.client", "pk": 23, "fields": {"name": "15", "image": "clients/15.png"}}, {"model": "web.client", "pk": 24, "fields": {"name": "16", "image": "clients/16.png"}}, {"model": "web.client", "pk": 25, "fields": {"name": "17", "image": "clients/17.png"}}, {"model": "web.client", "pk": 26, "fields": {"name": "18", "image": "clients/18.png"}}, {"model": "web.client", "pk": 27, "fields": {"name": "19", "image": "clients/19.png"}}, {"model": "web.client", "pk": 28, "fields": {"name": "20", "image": "clients/20.png"}}, {"model": "web.client", "pk": 29, "fields": {"name": "21", "image": "clients/21.png"}}, {"model": "web.client", "pk": 30, "fields": {"name": "22", "image": "clients/22.png"}}, {"model": "web.client", "pk": 31, "fields": {"name": "23", "image": "clients/23.png"}}, {"model": "web.client", "pk": 32, "fields": {"name": "24", "image": "clients/24.png"}}, {"model": "web.producttitle", "pk": 1, "fields": {"title": "Our Products", "sub_title": "Discover Our Cutting-Edge Solutions Tailored to Elevate Your Business"}}, {"model": "web.productcard", "pk": 1, "fields": {"title": "Elevate Your Productivity and Empower Your Workflow", "sub_title": "Transform Your Business Today with Impulse Idea's Innovative Products"}}, {"model": "web.product", "pk": 1, "fields": {"order": 1, "title": "FINCONNECT", "slug": "finconnect", "sub_title": "One Stop Solution for Finance Industry Integration Demands", "description": "Discover FinConnect, a licensed MIDDLEWARE solution with automated Open Banking APIs, Microservices architecture, and 250+ banking services. Unleash its tech edge with top-notch security and availability.", "image": "products/product-1_YFqLxsd.png", "icon": "product_icon/finconnect_MENGBEo.svg"}}, {"model": "web.product", "pk": 2, "fields": {"order": 6, "title": "INTERNET BANKING", "slug": "internet-banking", "sub_title": "Retail & Corporate Online Banking Portal", "description": "Harness ML-assisted Plug-N-Play Online Banking for seamless customization, modernize legacy apps with microservices for cost-effective scalability.", "image": "products/product-2_OY6AaYq.png", "icon": "product_icon/internetbanking_8SLizW4.svg"}}, {"model": "web.product", "pk": 3, "fields": {"order": 3, "title": "CONSENT MANAGEMENT", "slug": "consent-management", "sub_title": "Secure Microservices, Customizable APIs, Scalable Banking Portal for Lifecycle Management", "description": "Self-service, governance-enabled API platform for tailored business needs, with strong authentication, authorization, and vigilant anomaly monitoring for enhanced security.", "image": "products/product-3_HOzMejH.png", "icon": "product_icon/consent_management_csn1yYJ.svg"}}, {"model": "web.product", "pk": 4, "fields": {"order": 4, "title": "CIS", "slug": "cis", "sub_title": "Multi-Channel Integrated Streaming Platform", "description": "An integrated, consolidated, and comprehensive record and document storage system that enables access to multiple channels through a single portal.", "image": "products/product-4_J9Obe6A.png", "icon": "product_icon/cis_MAZVrXa.svg"}}, {"model": "web.product", "pk": 5, "fields": {"order": 5, "title": "RTP Manager", "slug": "rtp-manager", "sub_title": "eal-Time Payment Processor & Transaction Management Hub", "description": "RTP processor & PTM enables participant banks to interoperate with the central bank and avail benefits to their customers by initiating instant payments without directly relying on account information.", "image": "products/product-5_v5uGlps.png", "icon": "product_icon/rtp_managemnet_VBuswuW.svg"}}, {"model": "web.product", "pk": 6, "fields": {"order": 2, "title": "VUFORA", "slug": "vufora", "sub_title": "All-in-One Event Management Offering", "description": "An online platform built with the features you need to successfully host and manage your events, saving valuable time and eliminating boredom and frantic manual processes.An online platform built with the features you need to successfully host and manage your events, saving valuable time and eliminating boredom and frantic manual processes.", "image": "products/product-6_rCsAugy.png", "icon": "product_icon/vufora_Gjesjqr.svg"}}, {"model": "web.product", "pk": 7, "fields": {"order": 7, "title": "SOCIAL MEDIA PLATFORM", "slug": "social-media-platform", "sub_title": "Multi-Channel Hub: WhatsApp, SMS, Email, Push, Automation, Chat", "description": "Automated communication system cuts costs, delivers notices via email, text, PDF, saving time.", "image": "products/product-7_2PI5P3P.png", "icon": "product_icon/social_media_NmeXIiQ.svg"}}, {"model": "web.product", "pk": 8, "fields": {"order": 8, "title": "CROWD FUNDING", "slug": "crowd-funding", "sub_title": "Revolutionizing SME Financing: Connect, Invest, Grow", "description": "A comprehensive crowd-funding platform, e-investment gate and m-investment gate, to connect ambitious Small and Medium Enterprises (SMEs) with potential investors, democratizing access to capital and fueling their growth journey.", "image": "products/product-8_iXGlclM.png", "icon": "product_icon/crowd_funding_TeSSYRn.svg"}}, {"model": "web.productfeature", "pk": 1, "fields": {"product": 1, "title": "Automated Open Banking APIs: Streamline financial integrations with ease."}}, {"model": "web.productfeature", "pk": 2, "fields": {"product": 1, "title": "Microservices Architecture: Enhance flexibility and scalability."}}, {"model": "web.productfeature", "pk": 3, "fields": {"product": 1, "title": "Top-Notch Security: Ensure data protection with advanced security measures."}}, {"model": "web.productfeature", "pk": 4, "fields": {"product": 2, "title": "ML-Assisted Customization: Personalize user experiences with machine learning."}}, {"model": "web.productfeature", "pk": 5, "fields": {"product": 2, "title": "Legacy App Modernization: Upgrade old systems with modern microservices."}}, {"model": "web.productfeature", "pk": 6, "fields": {"product": 2, "title": "Cost-Effective Scalability: Grow your banking solutions without high costs."}}, {"model": "web.productfeature", "pk": 7, "fields": {"product": 3, "title": "Strong Authentication & Authorization: Secure access control for users."}}, {"model": "web.productfeature", "pk": 8, "fields": {"product": 3, "title": "Governance-Enabled API Platform: Maintain compliance with ease"}}, {"model": "web.productfeature", "pk": 9, "fields": {"product": 3, "title": "Anomaly Monitoring: Detect and respond to unusual activities quickly."}}, {"model": "web.productfeature", "pk": 10, "fields": {"product": 4, "title": "Multi-Channel Access: Connect through various platforms seamlessly."}}, {"model": "web.productfeature", "pk": 11, "fields": {"product": 4, "title": "Comprehensive Record Storage: Store and manage documents efficiently."}}, {"model": "web.productfeature", "pk": 12, "fields": {"product": 4, "title": "Single Portal Integration: Simplify access with a unified interface."}}, {"model": "web.productfeature", "pk": 13, "fields": {"product": 5, "title": "Instant Payment Initiation: Process payments quickly and efficiently."}}, {"model": "web.productfeature", "pk": 14, "fields": {"product": 5, "title": "Interoperability: Seamlessly connect with central banks."}}, {"model": "web.productfeature", "pk": 15, "fields": {"product": 5, "title": "Account Information Independence: Reduce reliance on direct account details."}}, {"model": "web.productfeature", "pk": 16, "fields": {"product": 6, "title": "Comprehensive Event Tools: Manage every aspect of your event."}}, {"model": "web.productfeature", "pk": 17, "fields": {"product": 6, "title": "Time-Saving Features: Streamline event planning and execution."}}, {"model": "web.productfeature", "pk": 18, "fields": {"product": 6, "title": "User-Friendly Interface: Simplify event management with intuitive design."}}, {"model": "web.productfeature", "pk": 19, "fields": {"product": 7, "title": "Multi-Channel Integration: Connect through various communication channels."}}, {"model": "web.productfeature", "pk": 20, "fields": {"product": 7, "title": "Cost Efficiency: Reduce expenses with automated solutions."}}, {"model": "web.productfeature", "pk": 21, "fields": {"product": 7, "title": "Efficient Communication: Deliver messages promptly and accurately"}}, {"model": "web.productfeature", "pk": 22, "fields": {"product": 8, "title": "E-Investment Gate: Facilitate online investments easily."}}, {"model": "web.productfeature", "pk": 23, "fields": {"product": 8, "title": "M-Investment Gate: Mobile-friendly investment options"}}, {"model": "web.productfeature", "pk": 24, "fields": {"product": 8, "title": "SME Empowerment: Provide growth opportunities for small and medium enterprises."}}, {"model": "web.productfeatureslide", "pk": 2, "fields": {"product": 1, "icon_image": "product_feature_icon/features-1.svg", "title": "Seamless Integration", "description": "Effortlessly integrate cutting-edge technologies with your existing systems for optimized performance."}}, {"model": "web.productfeatureslide", "pk": 3, "fields": {"product": 1, "icon_image": "product_feature_icon/features-2.svg", "title": "Scalable Solutions", "description": "Designed to grow with your business, our solutions offer unmatched flexibility and scalability."}}, {"model": "web.productfeatureslide", "pk": 4, "fields": {"product": 1, "icon_image": "product_feature_icon/features-3.svg", "title": "Enhanced Security", "description": "Advanced security measures ensure your data and operations remain protected at all times."}}, {"model": "web.productfeatureslide", "pk": 5, "fields": {"product": 1, "icon_image": "product_feature_icon/features-4_0fjGH1n.svg", "title": "User-Friendly Interfaces", "description": "Intuitive design and functionality make our products easy to use, reducing the learning curve."}}, {"model": "web.servicetitle", "pk": 1, "fields": {"title": "Our Services", "sub_title": "Empowering Your Business with End-to-End Solutions for Unmatched Success"}}, {"model": "web.service", "pk": 1, "fields": {"order": 1, "title": "Consultation Services", "description": "Empower organizations through strategic solution design, particularly in the realms of Microservices and Middleware Transformation", "image": "services/Consultation_Services_0eCcbyy.svg"}}, {"model": "web.service", "pk": 2, "fields": {"order": 2, "title": "Kubernetes Services", "description": "Kubernetes/container services empower organizations to seamlessly adopt containerization and Kubernetes orchestration.", "image": "services/Kubernetes_Services_RAXdwXC.svg"}}, {"model": "web.service", "pk": 3, "fields": {"order": 3, "title": "Resourcing", "description": "Our tech expertise team with high standards ensures consistent quality, and professionalism and seamlessly fits into clients’ processes, reports to managers, and adheres to clients’ delivery methods to uphold the quality.", "image": "services/Resourcing_NyREeqI.svg"}}, {"model": "web.service", "pk": 4, "fields": {"order": 4, "title": "Cloud Services", "description": "Expertise in Multi-cloud Hybrid platforms through Infrastructure optimization, Containerization, workload migrations, and Apps storage data protection services", "image": "services/Cloud_Services_YTyNQv7.svg"}}, {"model": "web.service", "pk": 5, "fields": {"order": 5, "title": "Middleware Integration", "description": "Deployed successful Microservices Integration, API Security Management, App-containerization, and Legacy problem resolution services", "image": "services/Middleware_Integration_2OwdbAE.svg"}}, {"model": "web.service", "pk": 6, "fields": {"order": 6, "title": "AI Assisted CHATBOT", "description": "Our Chatbot solution meets the Client’s business requirements, regardless of department or industry, and delivers versatile and enhanced solutions meeting diverse business demands.", "image": "services/Assisted_CHATBOT_ZaJJHUT.svg"}}, {"model": "web.service", "pk": 7, "fields": {"order": 7, "title": "Apps Modernization", "description": "Effectively engaged key Technology partners and utilized their products for the implementation of complex solutions for customers", "image": "services/Apps_Modernization_ZmdLBTw.svg"}}, {"model": "web.service", "pk": 8, "fields": {"order": 8, "title": "DevOps Services", "description": "Commissioned cloud-ready Integration platform for On-Prem DevOps using NativeKubernetes, Azure, Redhat OCP", "image": "services/DevOps_Services_2qBgxRe.svg"}}, {"model": "web.service", "pk": 9, "fields": {"order": 9, "title": "Data & AI/ML", "description": "Our trained AI/ML models do serve in the banking channel applications and smart citizen services portals", "image": "services/Data_AI_l3DkSqa.svg"}}, {"model": "web.testimonialtitle", "pk": 1, "fields": {"title": "What Our Clients Are Saying", "sub_title": "Real Stories of Success and Satisfaction from Our Valued Customers"}}, {"model": "web.testimonial", "pk": 1, "fields": {"name": "John Smith", "position": "Business Owner, Dubai", "image": "testimonials/feedback-author2_QVFhBrc.png", "description": "The team at Impulse Idea exceeded our expectations with their expertise and attention to detail. Their solutions have streamlined our operations and boosted our bottom line."}}, {"model": "web.testimonial", "pk": 2, "fields": {"name": "Ariella olive", "position": "Business Owner, Dubai", "image": "testimonials/feedback-author1_gQVZ8bJ.png", "description": "The team at Impulse Idea exceeded our expectations with their expertise and attention to detail. Their solutions have streamlined our operations and boosted our bottom line."}}, {"model": "web.testimonial", "pk": 3, "fields": {"name": "Andrew Paul", "position": "Business Owner, Dubai", "image": "testimonials/feedback-author3_uJBedME.png", "description": "The team at Impulse Idea exceeded our expectations with their expertise and attention to detail. Their solutions have streamlined our operations and boosted our bottom line."}}, {"model": "web.branchtitle", "pk": 1, "fields": {"title": "Our Global Presence", "sub_title": "Bringing Innovation to Your Doorstep Across the Globe"}}, {"model": "web.branch", "pk": 1, "fields": {"country": "QATAR", "country_icon": "branches/qatar-location_9jeboTr.svg", "name": "IMPULSEIDEA WLL", "address": "AlGassar Tower, West Bay, Doha", "number": "+974 66009613", "image": "branches/qatar_gdRQQCr.png", "hover_image": "branches/qatar-hover_xelvgqP.png"}}, {"model": "web.branch", "pk": 2, "fields": {"country": "UAE", "country_icon": "branches/uae-location_ZC7BW5G.svg", "name": "IMPULSEIDEA - FZCO", "address": "Dubai Silicon Oasis", "number": "+971 585814835", "image": "branches/uae_oip6KAd.png", "hover_image": "branches/uae-hover_ELkkmOw.png"}}, {"model": "web.branch", "pk": 3, "fields": {"country": "USA", "country_icon": "branches/usa.svg", "name": "IMPULSEIDEA WLL", "address": "Dover, Delaware, USA", "number": "+1 4084260045", "image": "branches/usa_e26vBat.png", "hover_image": "branches/usa-hover_YBVt0Ti.png"}}, {"model": "web.branch", "pk": 4, "fields": {"country": "INDIA", "country_icon": "branches/india-location_jw7f9Jb.svg", "name": "IMPULSEIDEA GLOBAL", "address": "HILITE BUSINESS PARK, KOZHIKODE", "number": "+91 8714097234", "image": "branches/india_T7QoV3g.png", "hover_image": "branches/india-hover_6PatsiD.png"}}, {"model": "web.cuttingedgeproducttitle", "pk": 1, "fields": {"title": "Our Cutting-Edge Products", "sub_title": "Innovative Solutions Tailored to Propel Your Business Forward"}}, {"model": "web.cuttingedgeproduct", "pk": 1, "fields": {"title": "FINCONNECT", "image": "cutting_edge_products/Finconnect_uc8KagG.png"}}, {"model": "web.cuttingedgeproduct", "pk": 2, "fields": {"title": "INTERNET BANKING", "image": "cutting_edge_products/Internet_Banking_6XKoZty.png"}}, {"model": "web.cuttingedgeproduct", "pk": 3, "fields": {"title": "CONSENT MANAGEMENT", "image": "cutting_edge_products/CONSENT_MANAGEMENT_yt2F58X.png"}}, {"model": "web.cuttingedgeproduct", "pk": 4, "fields": {"title": "CIS", "image": "cutting_edge_products/CIS_mmG3dVQ.png"}}, {"model": "web.cuttingedgeproduct", "pk": 5, "fields": {"title": "RTP Manager", "image": "cutting_edge_products/RTP_manager.png"}}, {"model": "web.cuttingedgeproduct", "pk": 6, "fields": {"title": "VUFORA", "image": "cutting_edge_products/VUFORA_lIRKpGk.png"}}, {"model": "web.cuttingedgeproduct", "pk": 7, "fields": {"title": "CROWD FUNDING", "image": "cutting_edge_products/RTP_manager_Otay9Go.png"}}, {"model": "web.cuttingedgeproduct", "pk": 8, "fields": {"title": "SOCIAL MEDIA PLATFORM", "image": "cutting_edge_products/Social_media_platform_xQk3ILC.png"}}, {"model": "web.featuretitle", "pk": 1, "fields": {"title": "Features of Our Offerings", "sub_title": "Innovative, Reliable, and Customizable Solutions for Every Business Need"}}, {"model": "web.feature", "pk": 1, "fields": {"icon_image": "features-icon/features-1_kjrbbx7.svg", "title": "Seamless Integration", "description": "Effortlessly integrate cutting-edge technologies with your existing systems for optimized performance."}}, {"model": "web.feature", "pk": 2, "fields": {"icon_image": "features-icon/features-2_g5HILD0.svg", "title": "Scalable Solutions", "description": "Designed to grow with your business, our solutions offer unmatched flexibility and scalability."}}, {"model": "web.feature", "pk": 3, "fields": {"icon_image": "features-icon/features-3_35qkkoG.svg", "title": "Enhanced Security", "description": "Advanced security measures ensure your data and operations remain protected at all times."}}, {"model": "web.feature", "pk": 4, "fields": {"icon_image": "features-icon/features-4_ICDjpcY.svg", "title": "User-Friendly Interfaces", "description": "Intuitive design and functionality make our products easy to use, reducing the learning curve."}}, {"model": "web.feature", "pk": 5, "fields": {"icon_image": "features-icon/features-5_irFblSU.svg", "title": "Cost Efficiency", "description": "Optimize your investments with cost-effective solutions that maximize ROI."}}, {"model": "web.feature", "pk": 6, "fields": {"icon_image": "features-icon/features-6_LKOTasL.svg", "title": "Robust Performance", "description": "High-performance solutions that ensure reliability and efficiency in your business processes."}}, {"model": "web.feature", "pk": 7, "fields": {"icon_image": "features-icon/features-5_PibCyRr.svg", "title": "Customizable Options", "description": "Tailor our solutions to meet your specific business needs and objectives."}}, {"model": "web.feature", "pk": 8, "fields": {"icon_image": "features-icon/features-1_aaVn8ON.svg", "title": "Expert Support", "description": "Access to a dedicated team of experts ready to provide support and guidance whenever needed."}}, {"model": "web.about", "pk": 1, "fields": {"title": "About Impulse Idea", "description": "At Impulse Idea, we are more than just a technology company - we are innovators, disruptors, and problem solvers. With a relentless commitment to excellence and a passion for pushing boundaries, we strive to decode and enhance businesses through tailored solutions and unparalleled service. Join us on our journey to redefine the future of technology and empower businesses to thrive in the digital age.", "image": "about/about_gvAHcfW.png"}}, {"model": "web.aboutfeature", "pk": 1, "fields": {"about": 1, "feature": "Innovative Solutions"}}, {"model": "web.aboutfeature", "pk": 2, "fields": {"about": 1, "feature": "Client-Centric Approach"}}, {"model": "web.aboutfeature", "pk": 3, "fields": {"about": 1, "feature": "Expertise and Experience"}}, {"model": "web.mission", "pk": 1, "fields": {"title": "Our Mission", "description": "Our mission is to decode and enhance businesses by crafting tailored solutions that boost productivity. We guide our diverse clients, helping them surpass their business objectives through innovative solutions and services.", "image": "mission/mission_OyJBO2W.png"}}, {"model": "web.vision", "pk": 1, "fields": {"title": "Our Vision", "decsription": "We envision ourselves as a proficient IT team, fearlessly addressing enterprise challenges through continuous knowledge acquisition and skill refinement.", "image": "vision/vision_q7JsP56.png"}}, {"model": "web.achivement", "pk": 1, "fields": {"title": "Key Achievements", "description": "Explore our journey of success: 73+ projects delivered, 95% customer retention, 200% skilled resources, serving 50+ clients across multiple regions, and recipient of the 'Excellence in Fintech Solutions' Finnovex Award Qatar 2022.", "image": "achivements/Group_837_zokHQ47.png"}}, {"model": "web.achivementfeature", "pk": 1, "fields": {"achivement": 1, "title": "73+ Successful Project Deliveries"}}, {"model": "web.achivementfeature", "pk": 2, "fields": {"achivement": 1, "title": "200% Skilled Resources"}}, {"model": "web.achivementfeature", "pk": 3, "fields": {"achivement": 1, "title": "50+ Customers Across the World"}}, {"model": "web.achivementfeature", "pk": 4, "fields": {"achivement": 1, "title": "98% Customer Satisfaction"}}, {"model": "web.objective", "pk": 1, "fields": {"title": "Primary Objectives", "description": "At Impulse Idea, our primary objectives are to captivate new customers, conquer cloud realms, and empower customer experiences through innovative solutions and services.", "image": "objectives/Frame_96187_ttYOakg.png"}}, {"model": "web.objectivefeature", "pk": 1, "fields": {"objective": 1, "title": "Captivating New Customers"}}, {"model": "web.objectivefeature", "pk": 2, "fields": {"objective": 1, "title": "Conquering Cloud Realms"}}, {"model": "web.objectivefeature", "pk": 3, "fields": {"objective": 1, "title": "Empowering Customer Experience"}}, {"model": "web.footer", "pk": 1, "fields": {"title": "Contact Us Today to Get Started on Your Journey to Success"}}, {"model": "web.contactcard", "pk": 1, "fields": {"title": "Let’s Get in Touch", "description": "We're excited to hear from you and let's start something special togerter. call us for any inquery.", "image": "conatct/get_in_touch.png"}}, {"model": "web.socialmedia", "pk": 1, "fields": {"social_media": "Instagram", "link": "https://www.instagram.com/", "icon": "fa-brands fa-instagram"}}, {"model": "web.socialmedia", "pk": 2, "fields": {"social_media": "Facebook", "link": "https://www.facebook.com/", "icon": "fa-brands fa-facebook"}}]